epoch,train_accuracy,test_accuracy,train_loss,test_loss
1,0.00793655,0.00910518,6.238943,6.156592
2,0.010702855,0.011462001,6.0596147,5.9618397
3,0.012571698,0.012923138,5.913859,5.85539
4,0.013681014,0.013375806,5.8415594,5.8112426
