epoch,train_loss,test_loss
1,2.7323754,1.7817276
2,1.7851926,1.7518855
3,1.7836393,1.7482035
4,1.7763567,1.7441046
5,1.6088433,1.4514832
