epoch,train_loss,test_loss
1,5.866556,5.7647324
2,5.730418,5.7107997
3,5.6749215,5.6439996
4,5.589595,5.546691
5,5.494832,5.4622746
