epoch,train_loss,test_loss
1,6.214824,6.1288147
2,6.064802,6.0148025
3,5.9586024,5.9310203
