epoch,train_loss,test_loss
1,1.0868475,0.7180916
2,0.6436705,0.62920165
3,0.59457535,0.587774
4,0.57540715,0.5770568
5,0.5639725,0.5674555
6,0.5539278,0.550653
7,0.5435721,0.5450949
8,0.5386273,0.5424718
9,0.53507143,0.52965856
10,0.5318698,0.53129226
